ray1,ray2,ray3,ray4,ray5,kartx,karty,kartz,time,action
-1,6.486966,6.523803,4.58699,4.613011,16.013,0.2655521,3.105145,0.1090833,ACCELERATE
-1,6.486896,6.523876,4.586998,4.613003,16.01301,0.2682437,3.105102,0.1328378,ACCELERATE
-1,6.486887,6.523881,4.587002,4.612999,16.01301,0.2700247,3.105075,0.1527718,ACCELERATE
-1,6.486877,6.523885,4.587008,4.612994,16.01301,0.2731433,3.105036,0.2064135,ACCELERATE
-1,6.486872,6.523895,4.587004,4.612998,16.01301,0.2745845,3.10502,0.2564089,ACCELERATE
-1,6.486858,6.523904,4.586996,4.613005,16.01302,0.2752813,3.105014,0.3088875,ACCELERATE
-1,6.486857,6.523912,4.58699,4.613011,16.01302,0.2755598,3.105012,0.3561625,ACCELERATE
-1,6.486842,6.52392,4.586985,4.613017,16.01303,0.2756973,3.105011,0.4173225,NONE
-1,6.486835,6.523932,4.586979,4.613022,16.01303,0.2757257,3.105011,0.4524564,NONE
-1,6.486833,6.523933,4.586973,4.613028,16.01303,0.2757421,3.105011,0.5062258,NONE
-1,6.486827,6.523939,4.586969,4.613032,16.01304,0.2757453,3.105011,0.5553294,NONE
-1,6.486823,6.523945,4.586966,4.613036,16.01304,0.2757455,3.105011,0.6013606,NONE
-1,6.486815,6.523953,4.58696,4.613041,16.01305,0.2757447,3.105011,0.6542439,NONE
-1,6.486807,6.523961,4.586954,4.613047,16.01305,0.2757444,3.105011,0.7040787,NONE
-1,6.4868,6.523966,4.58695,4.613051,16.01306,0.2757438,3.105011,0.7574757,NONE
-1,6.486796,6.523972,4.586946,4.613055,16.01307,0.2757435,3.105011,0.8070787,NONE
-1,6.486785,6.523983,4.586939,4.613062,16.01307,0.2757432,3.105011,0.8534683,NONE
-1,6.48678,6.523988,4.586935,4.613066,16.01307,0.2757432,3.105011,0.902266,NONE
-1,6.486774,6.523993,4.586931,4.61307,16.01308,0.2757432,3.105011,0.9578906,NONE
-1,6.486766,6.524002,4.586926,4.613076,16.01308,0.2757431,3.105011,1.009013,NONE
-1,6.486764,6.524003,4.586924,4.613078,16.01308,0.2757432,3.105011,1.059037,NONE
-1,6.486764,6.524003,4.586924,4.613078,16.01308,0.2757432,3.105011,1.106408,NONE
-1,6.486763,6.524003,4.586924,4.613078,16.01308,0.2757432,3.105011,1.153876,NONE
-1,6.486763,6.524003,4.586924,4.613078,16.01308,0.2757432,3.105011,1.222262,NONE
-1,6.486764,6.524003,4.586924,4.613078,16.01308,0.2757432,3.105011,1.255403,NONE
-1,6.486763,6.524003,4.586924,4.613078,16.01308,0.2757431,3.105011,1.307693,NONE
-1,6.486763,6.524004,4.586924,4.613078,16.01308,0.2757431,3.105011,1.355451,NONE
-1,6.486763,6.524003,4.586924,4.613078,16.01308,0.2757432,3.105011,1.421161,NONE
-1,6.486763,6.524003,4.586924,4.613078,16.01308,0.2757431,3.105011,1.456332,NONE
-1,6.486763,6.524004,4.586924,4.613078,16.01308,0.2757431,3.105011,1.506289,NONE
-1,6.486763,6.524004,4.586924,4.613078,16.01308,0.2757432,3.105011,1.552117,NONE
-1,6.486763,6.524004,4.586924,4.613078,16.01308,0.2757432,3.105011,1.600809,NONE
-1,6.486763,6.524004,4.586924,4.613078,16.01308,0.2757432,3.105011,1.65372,NONE
-1,6.486763,6.524004,4.586924,4.613078,16.01308,0.2757431,3.105011,1.700229,NONE
-1,6.486763,6.524003,4.586924,4.613078,16.01308,0.2757431,3.105011,1.757678,NONE
-1,6.486763,6.524003,4.586924,4.613078,16.01308,0.2757431,3.105011,1.802313,NONE
-1,6.486763,6.524004,4.586924,4.613078,16.01308,0.2757433,3.105011,1.854995,NONE
-1,6.486764,6.524003,4.586924,4.613078,16.01308,0.2757435,3.105011,1.905239,NONE
-1,6.486763,6.524004,4.586924,4.613078,16.01308,0.2757432,3.105011,1.95183,NONE
-1,6.486763,6.524004,4.586924,4.613078,16.01308,0.2757435,3.105011,2.00472,NONE
-1,6.486763,6.524004,4.586924,4.613078,16.01308,0.2757432,3.105011,2.05375,NONE
-1,6.486763,6.524003,4.586924,4.613078,16.01308,0.2757434,3.105011,2.101034,NONE
-1,6.486763,6.524004,4.586924,4.613078,16.01308,0.2757431,3.105011,2.161376,NONE
-1,6.486763,6.524004,4.586924,4.613078,16.01308,0.2757431,3.105011,2.204442,NONE
-1,6.486763,6.524004,4.586924,4.613078,16.01308,0.2757431,3.105011,2.252675,NONE
-1,6.486763,6.524004,4.586924,4.613078,16.01308,0.2757432,3.105011,2.305495,NONE
-1,6.486763,6.524003,4.586924,4.613078,16.01308,0.2757431,3.105011,2.3519,NONE
-1,6.486764,6.524003,4.586924,4.613078,16.01308,0.2757431,3.105011,2.401314,NONE
-1,6.486763,6.524002,4.586924,4.613078,16.01308,0.2757431,3.105011,2.456716,NONE
-1,6.486763,6.524003,4.586924,4.613078,16.01308,0.2757432,3.105011,2.506738,NONE
-1,6.486763,6.524003,4.586924,4.613078,16.01308,0.2757431,3.105011,2.555877,NONE
-1,6.486764,6.524003,4.586924,4.613078,16.01308,0.2757434,3.105011,2.605537,NONE
-1,6.486764,6.524003,4.586924,4.613078,16.01308,0.2757432,3.105011,2.651411,NONE
-1,6.486763,6.524003,4.586924,4.613078,16.01308,0.2757432,3.105011,2.70586,NONE
-1,6.486763,6.524004,4.586924,4.613078,16.01308,0.2757431,3.105011,2.754911,NONE
-1,6.486763,6.524004,4.586924,4.613078,16.01308,0.2757435,3.105011,2.804587,NONE
-1,6.486763,6.524004,4.586924,4.613078,16.01308,0.2757432,3.105011,2.852821,NONE
-1,6.486763,6.524004,4.586924,4.613078,16.01308,0.2757432,3.105011,2.901608,NONE
-1,6.486763,6.524004,4.586924,4.613078,16.01308,0.2757431,3.105011,2.951145,NONE
-1,6.486763,6.524004,4.586924,4.613078,16.01308,0.2757431,3.105011,3.003575,NONE
-1,6.486764,6.524003,4.586924,4.613078,16.01308,0.2757431,3.105011,3.060587,NONE
-1,6.486763,6.524003,4.586924,4.613078,16.01308,0.2757431,3.105011,3.106868,NONE
-1,6.486763,6.524003,4.586924,4.613078,16.01308,0.2757431,3.105011,3.155918,NONE
-1,6.486764,6.524003,4.586924,4.613078,16.01308,0.2757436,3.105011,3.206103,NONE
-1,6.486764,6.524003,4.586924,4.613078,16.01308,0.2757433,3.105011,3.250154,NONE
-1,6.486763,6.524003,4.586924,4.613078,16.01308,0.2757432,3.105011,3.306393,NONE
-1,6.486763,6.524004,4.586924,4.613078,16.01308,0.2757431,3.105011,3.355478,NONE
-1,6.486784,6.523984,4.586926,4.613076,16.01309,0.2757254,3.138866,3.400002,ACCELERATE
-1,6.486815,6.523953,4.586918,4.613083,16.01309,0.27571,3.229652,3.457896,ACCELERATE
-1,6.48684,6.523922,4.586914,4.613087,16.0131,0.2757039,3.327007,3.500568,ACCELERATE
-1,6.486879,6.523885,4.58691,4.613091,16.0131,0.2757003,3.478804,3.551928,ACCELERATE
-1,6.486911,6.523855,4.586905,4.613097,16.01311,0.2756975,3.655639,3.600832,ACCELERATE
-1,6.486956,6.52381,4.586903,4.613099,16.01311,0.275696,3.888056,3.654654,ACCELERATE
-1,6.487045,6.523723,4.586885,4.613116,16.0131,0.2856883,4.122717,3.702956,ACCELERATE
-1,6.487047,6.523719,4.586899,4.613102,16.01309,0.2800536,4.396025,3.752283,ACCELERATE
-1,6.487292,6.523472,4.586946,4.613055,16.01306,0.2782107,4.701712,3.803224,ACCELERATE
-1,6.487321,6.523443,4.586975,4.613026,16.01302,0.2802022,5.053682,3.855604,ACCELERATE
-1,6.487422,6.523344,4.587004,4.612998,16.01299,0.2801089,5.394046,3.902693,ACCELERATE
-1,6.487511,6.523248,4.587038,4.612963,16.01296,0.2791921,5.774122,3.951517,ACCELERATE
-1,6.487572,6.52319,4.587074,4.612927,16.01293,0.2787175,6.176432,4.000167,ACCELERATE
-1,6.487661,6.523102,4.587111,4.612891,16.01289,0.2792242,6.62806,4.051657,ACCELERATE
-1,6.487776,6.522986,4.587149,4.612853,16.01285,0.2793986,7.087777,4.101458,ACCELERATE
-1,6.487882,6.52288,4.587191,4.612811,16.0128,0.2790181,7.646391,4.158958,ACCELERATE
-1,6.487969,6.522792,4.587231,4.612771,16.01276,0.2790547,8.077649,4.20154,ACCELERATE
-1,6.488105,6.522654,4.587286,4.612715,16.01271,0.279211,8.642034,4.255261,ACCELERATE
-1,6.48823,6.522533,4.587336,4.612666,16.01265,0.2791601,9.254723,4.311408,ACCELERATE
-1,6.488354,6.522409,4.587389,4.612612,16.01261,0.2791517,9.724312,4.35315,ACCELERATE
-1,6.488484,6.522281,4.587446,4.612555,16.01255,0.2791308,10.27786,4.401118,ACCELERATE
-1,6.488625,6.52214,4.587511,4.61249,16.01248,0.2791619,10.86054,4.450292,ACCELERATE
-1,6.488805,6.521959,4.587595,4.612406,16.0124,0.2791715,11.52869,4.505304,ACCELERATE
-1,6.488968,6.521793,4.587675,4.612326,16.01232,0.2791541,12.15926,4.556021,ACCELERATE
-1,6.489131,6.521626,4.587755,4.612246,16.01223,0.2791557,12.77989,4.604941,ACCELERATE
-1,6.4893,6.521456,4.587839,4.612162,16.01215,0.2791606,13.36464,4.650231,ACCELERATE
-1,6.489502,6.521258,4.58794,4.612061,16.01205,0.2791642,14.06134,4.703306,ACCELERATE
-1,6.489693,6.521065,4.588039,4.611962,16.01195,0.2791604,14.68703,4.750215,ACCELERATE
-1,6.4899,6.520858,4.588146,4.611855,16.01184,0.2791575,15.38482,4.801807,ACCELERATE
-1,6.490137,6.520622,4.588272,4.611729,16.01171,0.2791606,16.11748,4.855215,ACCELERATE
-1,6.490352,6.520401,4.588388,4.611613,16.01159,0.2791602,16.81376,4.905342,ACCELERATE
-1,6.490581,6.520183,4.588511,4.611491,16.01147,0.2791592,17.4475,4.950482,ACCELERATE
-1,6.490814,6.519944,4.58864,4.611361,16.01134,0.2791583,18.15738,5.000562,ACCELERATE
-1,6.491097,6.519667,4.588797,4.611205,16.01119,0.2791589,18.91171,5.053245,ACCELERATE
-1,6.491335,6.519423,4.588934,4.611068,16.01104,0.2791589,19.59557,5.100603,ACCELERATE
-1,6.491632,6.519134,4.5891,4.610902,16.01088,0.2791585,20.34241,5.151901,ACCELERATE
-1,6.491894,6.518859,4.589254,4.610747,16.01073,0.279158,21.05433,5.200452,ACCELERATE
-1,6.492212,6.518541,4.589436,4.610566,16.01054,0.2791582,21.8255,5.252672,ACCELERATE
-1,6.502521,6.51827,4.589596,4.610406,16.01037,0.2791583,22.53485,5.300417,ACCELERATE
-1,6.492841,6.51791,4.589802,4.6102,16.01018,0.2791583,23.33588,5.354202,ACCELERATE
-1,6.493177,6.517582,4.589996,4.610005,16.00998,0.2791593,24.10699,5.405972,ACCELERATE
-1,6.493492,6.517265,4.590183,4.609818,16.00979,0.2791596,24.81805,5.453711,ACCELERATE
-1,6.493835,6.516926,4.590387,4.609614,16.00959,0.2791599,25.54612,5.50259,ACCELERATE
-1,6.494202,6.516563,4.590607,4.609395,16.00937,0.2791601,26.34621,5.556304,ACCELERATE
-1,6.494473,6.516282,4.590773,4.609229,16.00918,0.27916,27.01893,5.601468,ACCELERATE
-1,6.494878,6.515877,4.591015,4.608986,16.00895,0.27916,27.76898,5.651822,ACCELERATE
-1,6.495257,6.515499,4.591248,4.608754,16.0087,0.27916,28.60157,5.707718,ACCELERATE
-1,6.495675,6.51508,4.5915,4.608502,16.00846,0.2791601,29.36074,5.758684,ACCELERATE
-1,6.496054,6.514701,4.591733,4.60827,16.00824,0.2791601,30.05805,5.805498,ACCELERATE
-1,6.496418,6.514337,4.591956,4.608047,16.00801,0.2791599,30.74592,5.851677,ACCELERATE
-1,6.496861,6.513906,4.592225,4.607778,16.00775,0.2791602,31.53766,5.90483,ACCELERATE
19.93476,6.497278,6.513478,4.592484,4.607518,16.00749,0.2791598,32.27555,5.954369,ACCELERATE
19.2155,6.482692,6.528941,4.592738,4.607265,16.00724,0.2791596,32.99667,6.00278,ACCELERATE
18.51111,6.462347,6.571091,4.592993,4.607009,16.00698,0.2791602,33.70959,6.050642,ACCELERATE
17.73503,6.403751,6.664754,4.593279,4.606723,16.00669,0.27916,34.47964,6.102339,ACCELERATE
16.93887,6.332666,6.824683,4.593581,4.606421,16.00638,0.2791595,35.29927,6.157365,ACCELERATE
16.26411,6.239758,7.02225,4.593842,4.60616,16.00613,0.2791588,35.93796,6.200243,ACCELERATE
15.44247,6.118674,7.364259,4.594166,4.605836,16.0058,0.2791604,36.77251,6.256271,ACCELERATE
14.79572,5.996906,7.738691,4.587296,4.612648,16.00554,0.27916,37.43098,6.300478,ACCELERATE
14.02508,5.845323,8.398629,4.571229,4.636367,16.00522,0.2791601,38.20404,6.352376,ACCELERATE
13.2162,5.653813,9.559221,4.528606,4.691923,16.00489,0.2791601,38.98792,6.405001,ACCELERATE
12.50136,5.475907,-1,4.482059,4.768938,16.00457,0.2791597,39.74639,6.455921,ACCELERATE
11.7716,5.269124,-1,4.403354,4.878321,16.00426,0.2791597,40.44547,6.502853,ACCELERATE
11.02806,5.051306,-1,4.312877,5.020009,16.00392,0.2791599,41.21148,6.554279,ACCELERATE
10.31792,4.818145,-1,4.203819,5.186746,16.00361,0.2791595,41.89748,6.600333,ACCELERATE
9.558586,4.552345,-1,4.049836,5.411469,15.99933,0.2791601,42.7236,6.655797,LEFT_ACCELERATE
9.121333,4.359325,-1,3.919098,5.585237,15.97974,0.2791607,43.41761,6.702428,LEFT_ACCELERATE
8.817497,4.177586,-1,3.748643,5.756587,15.92847,0.2791635,44.15476,6.75209,LEFT_ACCELERATE
8.709259,4.04956,-1,3.589586,5.880767,15.82908,0.2791734,44.92622,6.804395,LEFT_ACCELERATE
8.80909,3.960592,-1,3.449061,5.965554,15.68006,0.2791857,45.6591,6.854711,LEFT_ACCELERATE
9.118994,3.941605,-1,3.350253,5.992271,15.47571,0.2791979,46.36546,6.904213,LEFT_ACCELERATE
9.652363,3.997768,-1,3.298046,5.98352,15.22655,0.2792085,47.0057,6.95048,LEFT_ACCELERATE
10.52709,4.148922,-1,3.285533,5.93829,14.86079,0.2792146,47.72858,7.00507,LEFT_ACCELERATE
11.48668,4.361475,-1,3.328241,5.868767,14.45866,0.2792175,48.3553,7.055275,LEFT_ACCELERATE
12.54114,4.635911,11.39257,3.415756,5.787752,14.02383,0.2792182,48.91072,7.102866,LEFT_ACCELERATE
13.7545,4.98924,9.324442,3.553058,5.685226,13.51525,0.2792191,49.44717,7.152774,LEFT_ACCELERATE
15.18363,5.44527,8.077432,3.746242,5.55312,12.96722,0.2792196,49.9276,7.202012,LEFT_ACCELERATE
16.83363,6.023125,7.114087,3.999835,5.394832,12.33117,0.2792197,50.38311,7.254903,LEFT_ACCELERATE
18.5196,6.647823,6.355462,4.298254,5.206786,11.68763,0.2792157,50.75914,7.305308,LEFT_ACCELERATE
-1,7.242103,5.784908,4.607677,4.984617,11.01676,0.2792073,51.08317,7.355664,LEFT_ACCELERATE
-1,7.796108,5.310607,4.923476,4.732552,10.40339,0.2791978,51.33389,7.400407,LEFT_ACCELERATE
-1,8.351472,4.831596,5.289385,4.386344,9.625093,0.2791897,51.60805,7.455976,LEFT_ACCELERATE
-1,8.681842,4.511834,5.56002,4.080819,8.975233,0.2791827,51.8167,7.501832,LEFT_ACCELERATE
-1,8.897385,4.2132,5.831036,3.729661,8.238133,0.2791738,52.04543,7.553665,LEFT_ACCELERATE
-1,8.93701,4.031717,6.029124,3.441401,7.576355,0.2791687,52.25567,7.600299,ACCELERATE
-1,8.894837,3.894056,6.213912,3.152936,6.750264,0.279165,52.53247,7.658808,LEFT_ACCELERATE
-1,8.864992,3.80393,6.338913,2.967493,6.151071,0.2791621,52.73601,7.701297,LEFT_ACCELERATE
-1,8.912072,3.678958,6.472492,2.805844,5.353048,0.2791601,52.9912,7.757565,LEFT_ACCELERATE
-1,9.071702,3.486538,6.618641,2.655046,4.715149,0.2791627,53.16742,7.80204,LEFT_ACCELERATE
-1,9.341824,3.231694,6.788147,2.493326,3.923528,0.2791683,53.33951,7.856509,LEFT_ACCELERATE
-1,9.530376,3.041576,6.923947,2.352904,3.266802,0.279171,53.45077,7.90127,LEFT_ACCELERATE
-1,9.644464,2.859834,7.072534,2.183914,2.449212,0.279169,53.56779,7.956738,LEFT_ACCELERATE
-1,9.61828,2.780486,7.164983,2.071604,1.807138,0.2791657,53.65628,8.000257,ACCELERATE
-1,9.511922,2.758551,7.242908,1.97024,1.068881,0.2791642,53.76431,8.050356,ACCELERATE
-1,9.36506,2.798706,7.288091,1.910043,0.3016286,0.2791633,53.88299,8.102484,ACCELERATE
-1,9.219065,2.897599,7.312167,1.890912,-0.4327929,0.2791617,54.00168,8.152431,ACCELERATE
-1,9.072564,3.054631,7.30242,1.904911,-1.157308,0.2791613,54.12246,8.201745,ACCELERATE
-1,8.916802,3.256936,7.274371,1.952513,-1.90335,0.2791611,54.25005,8.25256,ACCELERATE
-1,8.760382,3.485576,7.225066,2.034635,-2.64465,0.2791607,54.3793,8.303078,ACCELERATE
-1,8.600735,3.719099,7.14852,2.146309,-3.392538,0.2791604,54.51179,8.35407,ACCELERATE
-1,8.458435,3.92738,7.072266,2.253496,-4.068009,0.2791604,54.63284,8.40014,ACCELERATE
-1,8.293059,4.169489,6.951902,2.392267,-4.808609,0.2791605,54.76688,8.450667,ACCELERATE
-1,8.120682,4.421929,6.825313,2.53699,-5.590918,0.2791606,54.9096,8.504055,ACCELERATE
-1,7.954196,4.665792,6.685543,2.67681,-6.335866,0.2791602,55.04642,8.554903,ACCELERATE
-1,7.794827,4.899267,6.551713,2.810677,-7.035564,0.2791597,55.17558,8.60267,ACCELERATE
-1,7.636392,5.131394,6.418628,2.943789,-7.780545,0.2791605,55.31366,8.653535,ACCELERATE
-1,7.455617,5.396263,6.266744,3.095697,-8.550659,0.2791602,55.4569,8.706124,ACCELERATE
-1,7.312734,5.604033,6.137034,3.222253,-9.228334,0.2791603,55.58194,8.752388,LEFT_ACCELERATE
-1,7.23078,5.710753,6.000047,3.337491,-9.929743,0.2791604,55.70131,8.800164,LEFT_ACCELERATE
-1,7.254937,5.660174,5.861361,3.431758,-10.6976,0.2791625,55.80404,8.852216,LEFT_ACCELERATE
-1,7.425552,5.4546,5.764556,3.479491,-11.46756,0.2791694,55.86535,8.904147,LEFT_ACCELERATE
-1,7.714992,5.185909,5.727328,3.484159,-12.1616,0.279176,55.8771,8.950829,LEFT_ACCELERATE
-1,8.065779,4.924254,5.741602,3.458631,-12.9074,0.2791763,55.85279,9.000995,LEFT_ACCELERATE
-1,8.390507,4.708827,5.795856,3.406605,-13.73082,0.2791716,55.79833,9.056423,LEFT_ACCELERATE
-1,8.552155,4.597495,5.845935,3.359167,-14.40276,0.2791677,55.74788,9.101668,LEFT_ACCELERATE
-1,8.648911,4.512455,5.904531,3.300964,-15.28315,0.2791643,55.68764,9.160918,ACCELERATE
-1,8.717988,4.447627,5.952189,3.253281,-15.98665,0.2791629,55.6447,9.208238,ACCELERATE
-1,8.770507,4.398014,5.988822,3.216609,-16.61731,0.2791618,55.60917,9.250646,ACCELERATE
-1,8.827276,4.344373,6.028432,3.176955,-17.35861,0.2791611,55.57034,9.300483,ACCELERATE
-1,8.866552,4.292277,6.06684,3.13851,-18.14597,0.2791613,55.53204,9.353406,ACCELERATE
-1,8.893621,4.244553,6.101971,3.103349,-18.88231,0.279161,55.4983,9.402892,ACCELERATE
-1,8.873849,4.201495,6.133622,3.071678,-19.62894,0.2791605,55.4658,9.453066,ACCELERATE
-1,8.845662,4.160405,6.163795,3.041488,-20.33583,0.2791599,55.43626,9.500564,ACCELERATE
-1,8.773159,4.115408,6.196801,3.008468,-21.15469,0.2791606,55.40332,9.555582,ACCELERATE
-1,8.695963,4.093911,6.224036,2.981223,-21.84604,0.2791605,55.37634,9.602031,ACCELERATE
19.28679,8.581689,4.1,6.254069,2.951182,-22.63765,0.2791602,55.34623,9.655215,ACCELERATE
18.61089,8.465544,4.140763,6.279364,2.925882,-23.30694,0.2791604,55.32128,9.700179,ACCELERATE
17.87943,8.320493,4.231142,6.30263,2.898964,-24.05465,0.2791601,55.29389,9.75041,ACCELERATE
17.13751,8.154411,4.383457,6.314199,2.884528,-24.79283,0.2791609,55.26723,9.8,ACCELERATE
16.38704,7.96811,4.615732,6.31026,2.891617,-25.5503,0.2791601,55.24022,9.850886,ACCELERATE
15.63512,7.76165,4.949542,6.289177,2.925353,-26.28665,0.2791601,55.21421,9.900352,ACCELERATE
14.88895,7.54096,5.424206,6.243276,2.986913,-27.03454,0.2791601,55.18803,9.950592,ACCELERATE
14.12995,7.297027,6.159475,6.186033,3.080593,-27.79034,0.2791604,55.16174,10.00136,ACCELERATE
13.34709,7.029796,7.579309,6.093483,3.212893,-28.62619,0.2791605,55.13284,10.05751,LEFT_ACCELERATE
12.70956,6.790062,-1,5.994048,3.357922,-29.28379,0.2791606,55.10636,10.1017,LEFT_ACCELERATE
12.23564,6.585885,-1,5.874238,3.515034,-30.02359,0.2791607,55.05965,10.15148,LEFT_ACCELERATE
11.97975,6.424944,-1,5.738634,3.655243,-30.74485,0.279163,54.98451,10.20022,LEFT_ACCELERATE
11.86323,6.307169,-1,5.599036,3.779722,-31.52113,0.2791741,54.85558,10.25314,LEFT_ACCELERATE
11.94157,6.256207,-1,5.483538,3.860372,-32.20448,0.2791864,54.6939,10.30038,LEFT_ACCELERATE
12.23325,6.268199,-1,5.385777,3.911337,-32.93575,0.2791981,54.45512,10.35216,LEFT_ACCELERATE
12.80951,6.376793,-1,5.325228,3.919709,-33.65219,0.2792103,54.143,10.4048,LEFT_ACCELERATE
13.43888,6.535618,8.135614,5.321372,3.888827,-34.24779,0.2792152,53.81137,10.45072,LEFT_ACCELERATE
14.23619,6.772002,6.919458,5.364651,3.833371,-34.88087,0.2792149,53.37801,10.50245,LEFT_ACCELERATE
14.9595,7.013449,6.238731,5.445222,3.751861,-35.43817,0.2792105,52.91781,10.55118,LEFT_ACCELERATE
15.56199,7.249612,5.753418,5.555381,3.64949,-35.96544,0.2792024,52.41587,10.60022,LEFT_ACCELERATE
16.0191,7.451449,5.412378,5.678236,3.536428,-36.47209,0.2791932,51.86907,10.65038,LEFT_ACCELERATE
16.2155,7.584708,5.202627,5.804993,3.411969,-36.9757,0.2791857,51.27872,10.70253,LEFT_ACCELERATE
16.35146,7.689188,5.045913,5.916283,3.296354,-37.43353,0.2791819,50.70167,10.75203,LEFT_ACCELERATE
16.85577,7.887767,4.74733,6.042957,3.173385,-37.89156,0.2791832,50.0543,10.80536,LEFT_ACCELERATE
17.70348,8.155632,4.398391,6.176445,3.047915,-38.2764,0.2791915,49.41753,10.85542,LEFT_ACCELERATE
19.28208,8.540011,3.976959,6.349443,2.903364,-38.63694,0.2792049,48.68363,10.91048,LEFT_ACCELERATE
-1,8.979382,3.572981,6.539849,2.754103,-38.84971,0.279212,48.13354,10.95021,LEFT_ACCELERATE
-1,9.534821,3.154164,6.788014,2.561692,-39.05882,0.2792167,47.4222,11.00019,LEFT_ACCELERATE
-1,10.19842,2.715525,7.093318,2.316266,-39.20334,0.2792124,46.68373,11.05093,LEFT_ACCELERATE
-1,10.83272,2.30228,7.424122,2.035302,-39.29287,0.279205,45.93588,11.10169,LEFT_ACCELERATE
-1,11.42998,1.903613,7.768205,1.718212,-39.33578,0.2791956,45.14677,11.15489,LEFT_ACCELERATE
-1,11.82154,1.595053,8.040845,1.447612,-39.34555,0.2791867,44.42947,11.2031,RIGHT_ACCELERATE
-1,11.94962,1.289536,8.281972,1.143337,-39.362,0.2791721,43.69712,11.25232,RIGHT_ACCELERATE
-1,11.68211,1.0872,8.407781,0.9059396,-39.41281,0.2791694,42.91481,11.30502,RIGHT_ACCELERATE
-1,11.27924,0.9895711,8.471959,0.76683,-39.50236,0.2791765,42.18015,11.35479,RIGHT_ACCELERATE
-1,10.7957,0.9939855,8.495405,0.708631,-39.62771,0.2791803,41.49662,11.40153,RIGHT_ACCELERATE
-1,10.31519,1.119377,8.475883,0.7289422,-39.81991,0.2791762,40.69458,11.45698,RIGHT_ACCELERATE
-1,9.97149,1.330498,8.435543,0.8076788,-40.01307,0.279171,39.98591,11.50632,RIGHT_ACCELERATE
-1,9.737688,1.578805,8.365462,0.9094012,-40.19176,0.2791662,39.34814,11.55079,ACCELERATE
-1,9.482984,1.970272,8.264695,1.064074,-40.40446,0.2791629,38.58479,11.60399,ACCELERATE
-1,9.260882,2.355642,8.146435,1.22684,-40.60722,0.2791614,37.85223,11.65502,ACCELERATE
-1,9.036391,2.745388,8.015751,1.419455,-40.7923,0.2791608,37.18007,11.70183,ACCELERATE
-1,8.791074,3.171224,7.849541,1.639739,-41.00813,0.2791607,36.39276,11.75663,ACCELERATE
-1,8.589724,3.529888,7.671026,1.835106,-41.19484,0.2791606,35.69762,11.80496,LEFT_ACCELERATE
-1,8.479985,3.756535,7.472914,2.002131,-41.36656,0.2791609,34.99778,11.85336,LEFT_ACCELERATE
-1,8.471398,3.852244,7.251742,2.150268,-41.51886,0.279164,34.24461,11.905,LEFT_ACCELERATE
-1,8.560751,3.829184,7.090433,2.243765,-41.6213,0.2791673,33.56212,11.95139,LEFT_ACCELERATE
-1,8.621423,3.840235,6.963669,2.329089,-41.71464,0.2791677,32.75864,12.00572,LEFT_ACCELERATE
-1,8.600533,3.903255,6.88399,2.39582,-41.78376,0.2791653,32.09288,12.05066,LEFT_ACCELERATE
-1,8.504449,4.032289,6.799992,2.478379,-41.86587,0.2791617,31.32345,12.10262,ACCELERATE
-1,8.406588,4.159585,6.721742,2.556621,-41.94526,0.2791621,30.6114,12.15072,ACCELERATE
-1,8.299214,4.299045,6.636371,2.642091,-42.03083,0.2791623,29.86786,12.20097,ACCELERATE
-1,8.18891,4.44237,6.548671,2.729896,-42.12029,0.279161,29.11142,12.2521,ACCELERATE
-1,8.077872,4.586719,6.460278,2.818375,-42.20664,0.2791606,28.39541,12.30052,ACCELERATE
-1,7.95001,4.75303,6.358381,2.920349,-42.3059,0.2791607,27.58637,12.35524,ACCELERATE
-1,7.84003,4.896132,6.270643,3.008139,-42.39645,0.2791604,26.85807,12.40451,ACCELERATE
-1,7.724947,5.045913,6.178771,3.10005,-42.48666,0.2791604,26.13972,12.45312,ACCELERATE
-1,7.599546,5.209159,6.07862,3.200233,-42.58715,0.2791605,25.34624,12.50681,ACCELERATE
-1,7.490964,5.350515,5.991854,3.287022,-42.672,0.2791603,24.6807,12.55186,ACCELERATE
-1,7.367633,5.511095,5.893286,3.385606,-42.76725,0.2791603,23.93744,12.60216,ACCELERATE
-1,7.239824,5.677515,5.791096,3.48781,-42.86824,0.2791602,23.15313,12.65525,ACCELERATE
-1,7.118686,5.835267,5.69423,3.584683,-42.96337,0.2791603,22.41698,12.70509,ACCELERATE
-1,7.00028,5.989439,5.59954,3.679377,-43.06025,0.2791601,21.66945,12.75569,ACCELERATE
-1,6.882395,6.142945,5.505243,3.773678,-43.15475,0.27916,20.94201,12.80494,ACCELERATE
-1,6.766354,6.294039,5.412426,3.866493,-43.24632,0.2791604,20.23847,12.85257,ACCELERATE
-1,6.645213,6.451773,5.315512,3.963405,-43.34976,0.2791601,19.44495,12.90629,ACCELERATE
-1,6.516838,6.618904,5.21282,4.066096,-43.44469,0.2791601,18.7176,12.95554,ACCELERATE
-1,6.393277,6.779784,5.113966,4.164945,-43.54398,0.2791605,17.95775,13.00698,ACCELERATE
-1,6.27479,6.934075,5.01916,4.259744,-43.6434,0.2791595,17.19749,13.05846,ACCELERATE
-1,6.156322,7.088313,4.924373,4.354525,-43.72895,0.2791595,16.54374,13.10272,ACCELERATE
-1,6.032507,7.249505,4.825318,4.453574,-43.83304,0.2791601,15.7487,13.15655,ACCELERATE
-1,5.925899,7.373239,4.722392,4.551543,-43.92505,0.2791598,15.0198,13.20588,LEFT_ACCELERATE
-1,5.913507,7.330948,4.640306,4.614962,-43.9956,0.2791602,14.34613,13.25137,LEFT_ACCELERATE
-1,6.008144,7.123792,4.568802,4.657379,-44.04659,0.2791642,13.56371,13.30406,LEFT_ACCELERATE
-1,6.245155,6.787298,4.546131,4.657904,-44.05306,0.2791683,12.77137,13.35734,LEFT_ACCELERATE
-1,6.480248,6.530429,4.566721,4.633348,-44.02776,0.2791694,12.05627,13.40541,LEFT_ACCELERATE
-1,6.659068,6.360948,4.608815,4.593255,-43.98394,0.2791663,11.25678,13.45918,LEFT_ACCELERATE
-1,6.74395,6.282376,4.649749,4.553115,-43.94596,0.279164,10.56577,13.50564,ACCELERATE
-1,6.796395,6.232553,4.685556,4.517328,-43.91136,0.2791627,9.866316,13.55266,ACCELERATE
-1,6.83286,6.197819,4.710983,4.491889,-43.87642,0.2791614,9.084455,13.60521,ACCELERATE
-1,6.892415,6.141016,4.752738,4.4501,-43.84293,0.2791617,8.259691,13.66062,ACCELERATE
-1,6.92036,6.114348,4.772332,4.430491,-43.81815,0.2791609,7.598135,13.70507,ACCELERATE
-1,6.965222,6.071535,4.803722,4.39908,-43.79433,0.2791604,6.923049,13.75042,ACCELERATE
-1,7.002574,6.035911,4.82978,4.373007,-43.76884,0.2791603,6.158491,13.80177,ACCELERATE
-1,7.035299,6.004699,4.852559,4.350218,-43.7455,0.2791603,5.420795,13.85133,ACCELERATE
-1,7.068814,5.972744,4.875858,4.32691,-43.72293,0.2791599,4.677271,13.90127,ACCELERATE
-1,7.101333,5.941736,4.898421,4.30434,-43.69956,0.2791603,3.87708,13.95501,ACCELERATE
-1,7.129556,5.914835,4.917984,4.284775,-43.67621,0.2791601,3.050308,14.01054,ACCELERATE
-1,7.163752,5.882252,4.94165,4.261103,-43.65702,0.2791597,2.353594,14.05733,ACCELERATE
-1,7.186315,5.860752,4.957264,4.245488,-43.63697,0.27916,1.610241,14.10725,ACCELERATE
-1,7.218318,5.830265,4.979379,4.22337,-43.61949,0.2791602,0.9517689,14.15147,ACCELERATE
-1,7.245376,5.804491,4.998065,4.204683,-43.59484,0.2791599,0.00828759,14.21483,ACCELERATE
-1,7.275002,5.776262,5.018518,4.184231,-43.58063,0.27916,-0.5423408,14.25181,ACCELERATE
-1,7.303107,5.749497,5.037907,4.164842,-43.56123,0.27916,-1.300627,14.30274,ACCELERATE
-1,7.332415,5.72159,5.058119,4.14463,-43.54095,0.2791599,-2.099871,14.35641,ACCELERATE
-1,7.359283,5.696007,5.076638,4.126112,-43.52295,0.2791598,-2.814561,14.40441,ACCELERATE
-1,7.383533,5.672922,5.093347,4.109403,-43.50552,0.2791601,-3.510108,14.45111,ACCELERATE
-1,7.380358,5.66923,5.109078,4.092954,-43.48959,0.2791611,-4.283154,14.50303,RIGHT_ACCELERATE
-1,7.221675,5.788111,5.110045,4.089963,-43.49262,0.2791616,-5.083432,14.55678,RIGHT_ACCELERATE
-1,6.972718,6.014181,5.086963,4.117678,-43.53734,0.2791674,-5.94001,14.61443,RIGHT_ACCELERATE
-1,6.66599,6.353374,5.032483,4.188554,-43.59505,0.2791695,-6.545107,14.65527,RIGHT_ACCELERATE
-1,6.439957,6.640324,4.959875,4.276646,-43.68061,0.279168,-7.268416,14.70418,RIGHT_ACCELERATE
-1,6.276448,6.851231,4.868801,4.374431,-43.76642,0.279164,-7.961318,14.75106,ACCELERATE
-1,6.146778,7.009193,4.768941,4.474452,-43.88158,0.2791614,-8.93261,14.81673,ACCELERATE
-1,6.049227,7.127595,4.693006,4.550339,-43.93854,0.2791607,-9.430933,14.8504,ACCELERATE
-1,5.946719,7.25188,4.613067,4.63019,-44.02633,0.2791599,-10.21844,14.9036,ACCELERATE
-1,5.838419,7.383146,4.528636,4.714531,-44.10146,0.2791597,-10.9099,14.9503,ACCELERATE
-1,5.737871,7.505033,4.450315,4.792778,-44.18812,0.279159,-11.72418,15.00527,ACCELERATE
-1,5.625417,7.641339,4.362802,4.880225,-44.26783,0.2791604,-12.48683,15.05675,ACCELERATE
-1,5.533364,7.752907,4.291215,4.951765,-44.33728,0.2791602,-13.16047,15.10222,ACCELERATE
-1,5.432119,7.875644,4.21251,5.030427,-44.41453,0.2791599,-13.91838,15.15336,ACCELERATE
19.59363,5.341243,7.985817,4.141905,5.100999,-44.48871,0.2791593,-14.6531,15.20294,ACCELERATE
18.84201,5.2447,8.102882,4.066913,5.175961,-44.56142,0.2791599,-15.37904,15.25192,ACCELERATE
18.07219,5.146381,8.22209,3.990571,5.252278,-44.63678,0.2791607,-16.13627,15.30301,ACCELERATE
17.28762,5.046654,8.349815,3.913144,5.32968,-44.71443,0.2791595,-16.92095,15.35594,ACCELERATE
16.61773,4.962421,8.482993,3.845644,5.396629,-44.78078,0.2791595,-17.59928,15.4017,LEFT_ACCELERATE
16.21067,4.929266,8.527097,3.773771,5.457666,-44.84566,0.2791597,-18.3782,15.45419,LEFT_ACCELERATE
16.24155,4.995328,8.4011,3.723447,5.490058,-44.8826,0.2791622,-19.14475,15.50575,LEFT_ACCELERATE
16.68834,5.177814,8.081649,3.716538,5.484308,-44.87955,0.2791691,-19.85312,15.55338,LEFT_ACCELERATE
17.30611,5.465122,7.671443,3.763238,5.443088,-44.81541,0.27917,-20.7971,15.61699,LEFT_ACCELERATE
17.46719,5.681549,7.432168,3.846024,5.376107,-44.75198,0.2791699,-21.37642,15.65615,LEFT_ACCELERATE
17.32056,5.799058,7.312159,3.935332,5.300167,-44.66827,0.2791672,-22.03694,15.70086,LEFT_ACCELERATE
16.77359,5.837893,7.339098,4.033757,5.206947,-44.57193,0.2791656,-22.78169,15.75128,ACCELERATE
16.01178,5.806938,7.517188,4.115258,5.107317,-44.47601,0.2791638,-23.56435,15.80422,ACCELERATE
15.35801,5.746337,7.75584,4.170318,5.042406,-44.37907,0.2791608,-24.3963,15.86046,ACCELERATE
14.603,5.660268,8.161892,4.208029,4.993969,-44.31157,0.279161,-24.99799,15.9011,ACCELERATE
13.86425,5.536906,8.783952,4.221895,4.976732,-44.2306,0.2791606,-25.74136,15.95131,ACCELERATE
13.15753,5.412514,9.772856,4.220678,4.988222,-44.14982,0.2791599,-26.50224,16.00268,LEFT_ACCELERATE
12.48488,5.25721,-1,4.187379,5.030368,-44.06303,0.2791602,-27.2824,16.05538,LEFT_ACCELERATE
12.20429,5.186565,-1,4.160504,5.065758,-43.97077,0.2791606,-27.96206,16.10145,LEFT_ACCELERATE
12.08604,5.150796,-1,4.126713,5.102475,-43.83285,0.279164,-28.72648,16.15366,LEFT_ACCELERATE
12.24632,5.177233,-1,4.104609,5.109524,-43.56203,0.2791812,-29.76747,16.22602,LEFT_ACCELERATE
12.70052,5.290869,11.15652,4.114498,5.084774,-43.42728,0.2791874,-30.16168,16.25405,LEFT_ACCELERATE
13.21911,5.449416,9.590241,4.157294,5.04009,-43.15855,0.279192,-30.82018,16.30191,LEFT_ACCELERATE
13.63905,5.614024,8.838018,4.230722,4.970002,-42.83345,0.2791891,-31.48516,16.35171,LEFT_ACCELERATE
13.82593,5.737662,8.53272,4.313536,4.893587,-42.47294,0.2791842,-32.13942,16.40194,LEFT_ACCELERATE
13.72647,5.798563,8.590572,4.392766,4.808118,-42.05736,0.2791762,-32.84026,16.45667,LEFT_ACCELERATE
13.41992,5.778858,8.998151,4.442998,4.754111,-41.69563,0.2791715,-33.43309,16.5033,LEFT_ACCELERATE
13.19436,5.763841,9.459878,4.492643,4.708901,-41.31131,0.2791691,-34.03501,16.55127,LEFT_ACCELERATE
13.25137,5.812945,9.309132,4.535605,4.662675,-40.68693,0.2791736,-34.90654,16.62334,LEFT_ACCELERATE
13.58664,5.929292,8.68427,4.582832,4.614693,-40.41197,0.2791781,-35.24212,16.65252,LEFT_ACCELERATE
14.11849,6.108848,7.957412,4.657593,4.541715,-39.93007,0.2791858,-35.76962,16.70059,LEFT_ACCELERATE
14.59372,6.289736,7.442235,4.755101,4.445548,-39.38564,0.2791846,-36.2915,16.75132,LEFT_ACCELERATE
14.7957,6.411051,7.214581,4.856609,4.347908,-38.81219,0.2791809,-36.79381,16.80256,LEFT_ACCELERATE
14.70679,6.451703,7.234554,4.947898,4.257508,-38.21252,0.2791756,-37.29123,16.85489,LEFT_ACCELERATE
14.34589,6.40022,7.536919,5.000791,4.196432,-37.55696,0.2791697,-37.82503,16.91166,LEFT_ACCELERATE
14.06951,6.352752,7.856394,5.034963,4.164483,-37.09019,0.2791672,-38.19532,16.95167,LEFT_ACCELERATE
14.02201,6.348706,7.944928,5.064725,4.139362,-36.45339,0.2791667,-38.66958,17.00502,LEFT_ACCELERATE
14.25178,6.396702,7.706118,5.092923,4.113901,-35.87991,0.2791697,-39.05177,17.05136,LEFT_ACCELERATE
14.55905,6.461608,7.472211,5.130826,4.071462,-35.23512,0.2791729,-39.43753,17.10186,LEFT_ACCELERATE
14.57785,6.454043,7.534224,5.157965,4.041846,-34.60179,0.2791716,-39.78983,17.15054,LEFT_ACCELERATE
14.21378,6.356939,8.035851,5.172065,4.043872,-33.87627,0.2791678,-40.18446,17.206,LEFT_ACCELERATE
13.60327,6.192861,9.012167,5.163874,4.087765,-33.25757,0.2791648,-40.5266,17.25347,ACCELERATE
12.86868,5.981052,10.60574,5.109276,4.187938,-32.58469,0.279163,-40.90699,17.30537,ACCELERATE
12.17826,5.758029,12.16267,5.037028,4.322951,-31.9348,0.2791617,-41.28093,17.35571,ACCELERATE
11.45146,5.506119,13.79177,4.930501,4.510617,-31.28899,0.279161,-41.65655,17.40587,LEFT_ACCELERATE
10.97194,5.274848,14.59482,4.786775,4.707375,-30.61747,0.2791598,-42.03823,17.45773,LEFT_ACCELERATE
10.80606,5.104127,14.47726,4.648527,4.871872,-30.0473,0.2791609,-42.34079,17.50109,LEFT_ACCELERATE
10.98164,4.951844,13.6039,4.47591,5.030743,-29.32877,0.279166,-42.67897,17.55447,LEFT_ACCELERATE
11.52096,4.865246,12.60513,4.340819,5.115771,-28.69948,0.2791755,-42.92998,17.60003,LEFT_ACCELERATE
12.93985,4.83463,11.28389,4.201669,5.182512,-27.9832,0.2791898,-43.15575,17.65057,LEFT_ACCELERATE
15.73897,4.883443,10.07585,4.106153,5.198387,-27.22187,0.2791958,-43.32853,17.70313,LEFT_ACCELERATE
19.61055,4.959604,9.302075,4.062224,5.203295,-26.50123,0.2791942,-43.43583,17.75216,LEFT_ACCELERATE
-1,5.051495,8.724319,4.047152,5.194575,-25.72014,0.2791858,-43.50703,17.8049,LEFT_ACCELERATE
-1,5.13925,8.37543,4.041015,5.195174,-24.94094,0.2791817,-43.5485,17.85733,LEFT_ACCELERATE
-1,5.19204,8.197939,4.032105,5.198768,-24.26651,0.2791755,-43.57348,17.90265,LEFT_ACCELERATE
-1,5.190311,8.161629,4.019039,5.222456,-23.51533,0.2791678,-43.6022,17.95313,ACCELERATE
-1,5.144327,8.217412,3.983533,5.257982,-22.75136,0.2791645,-43.63993,18.00449,ACCELERATE
-1,5.088747,8.285685,3.941245,5.300452,-22.0276,0.2791633,-43.68259,18.05318,ACCELERATE
-1,5.024199,8.364961,3.892041,5.349852,-21.28815,0.2791628,-43.73152,18.10293,ACCELERATE
-1,4.950078,8.455774,3.83531,5.406756,-20.48584,0.2791609,-43.78953,18.15694,ACCELERATE
-1,4.883353,8.53733,3.784069,5.458116,-19.83105,0.2791605,-43.83986,18.20103,ACCELERATE
-1,4.80745,8.629984,3.725639,5.516647,-19.04586,0.279161,-43.90308,18.25392,ACCELERATE
-1,4.73402,8.703595,3.659768,5.5802,-18.30091,0.2791604,-43.96329,18.30409,LEFT_ACCELERATE
-1,4.729302,8.628441,3.607209,5.621239,-17.59854,0.27916,-44.00874,18.35136,LEFT_ACCELERATE
-1,4.833116,8.351513,3.57325,5.636324,-16.84321,0.279162,-44.03018,18.40213,LEFT_ACCELERATE
-1,5.063071,7.950513,3.58358,5.616446,-16.09769,0.2791682,-44.01062,18.45228,LEFT_ACCELERATE
-1,5.347057,7.587925,3.637186,5.569468,-15.36776,0.2791705,-43.9561,18.50147,LEFT_ACCELERATE
-1,5.617878,7.311412,3.719531,5.499098,-14.61181,0.2791693,-43.87724,18.55252,LEFT_ACCELERATE
-1,5.802713,7.144928,3.805852,5.418282,-13.85996,0.2791668,-43.79465,18.6033,ACCELERATE
-1,5.927682,7.036799,3.886145,5.338261,-13.09689,0.2791629,-43.71561,18.65481,ACCELERATE
-1,6.037853,6.941591,3.958751,5.2656,-12.36004,0.2791617,-43.64383,18.70452,ACCELERATE
-1,6.136446,6.856346,4.023938,5.200327,-11.65734,0.2791616,-43.57874,18.7519,ACCELERATE
-1,6.243954,6.763343,4.095002,5.129177,-10.87372,0.2791612,-43.5092,18.80471,ACCELERATE
-1,6.340745,6.679591,4.158899,5.065215,-10.11419,0.2791603,-43.44429,18.85589,ACCELERATE
-1,6.421075,6.610054,4.211893,5.012176,-9.320364,0.2791604,-43.37851,18.90937,ACCELERATE
-1,6.518845,6.520088,4.280361,4.943664,-8.654655,0.2791609,-43.32466,18.95421,ACCELERATE
-1,6.580278,6.45034,4.337992,4.886003,-7.930288,0.2791612,-43.26717,19.003,ACCELERATE
19.92202,6.616675,6.39304,4.399415,4.824554,-7.101516,0.2791594,-43.20254,19.05881,ACCELERATE
19.33087,6.626678,6.383074,4.445216,4.778739,-6.445808,0.2791598,-43.15211,19.10296,ACCELERATE
18.53483,6.605412,6.403505,4.50615,4.717789,-5.729389,0.2791602,-43.09762,19.15119,ACCELERATE
17.81756,6.572374,6.467392,4.560443,4.663486,-5.003922,0.2791606,-43.04294,19.20003,ACCELERATE
16.97928,6.487576,6.607848,4.622454,4.600585,-4.187794,0.2791601,-42.98194,19.25497,ACCELERATE
16.2673,6.404823,6.798003,4.659576,4.549821,-3.433006,0.2791598,-42.9259,19.30579,ACCELERATE
15.50255,6.283076,7.092559,4.690265,4.510209,-2.721864,0.2791597,-42.87337,19.35366,ACCELERATE
14.7918,6.158971,7.503246,4.698155,4.500129,-1.953496,0.2791598,-42.81463,19.4054,LEFT_ACCELERATE
14.42232,6.099582,7.759556,4.697954,4.501059,-1.22424,0.2791602,-42.74399,19.4546,LEFT_ACCELERATE
14.28818,6.092935,7.826835,4.706976,4.494649,-0.4204752,0.2791638,-42.63232,19.50914,LEFT_ACCELERATE
14.42064,6.161899,7.630162,4.724083,4.474194,0.2030631,0.279171,-42.51052,19.55186,LEFT_ACCELERATE
14.80703,6.316736,7.234093,4.770162,4.430048,0.9178603,0.2791818,-42.32451,19.60154,LEFT_ACCELERATE
15.49227,6.588131,6.649035,4.862402,4.348217,1.665417,0.2791958,-42.06209,19.65487,LEFT_ACCELERATE
16.26429,6.90516,6.120416,4.982328,4.261518,2.288272,0.279201,-41.78177,19.70086,LEFT_ACCELERATE
17.00163,7.275935,5.627968,5.156481,4.120623,3.000506,0.2791991,-41.38877,19.75561,LEFT_ACCELERATE
17.53514,7.611914,5.231047,5.351779,3.957682,3.603102,0.2791924,-41.00239,19.80377,LEFT_ACCELERATE
17.77082,7.866868,4.930974,5.551548,3.768737,4.248402,0.279184,-40.54383,19.85698,LEFT_ACCELERATE
17.69959,7.986308,4.752017,5.700627,3.599478,4.779501,0.2791772,-40.14558,19.90157,LEFT_ACCELERATE
17.27175,8.004488,4.668189,5.849575,3.412917,5.414444,0.2791716,-39.66237,19.95515,LEFT_ACCELERATE
16.78811,7.937579,4.71142,5.934359,3.304056,5.993095,0.279167,-39.22831,20.00372,LEFT_ACCELERATE
16.19429,7.848432,4.800929,6.031425,3.181029,6.632027,0.2791628,-38.74329,20.05758,LEFT_ACCELERATE
16.01096,7.842206,4.804319,6.09161,3.10982,7.146964,0.2791622,-38.33058,20.10191,LEFT_ACCELERATE
16.09268,7.910097,4.692294,6.167193,3.03228,7.780828,0.2791673,-37.77075,20.15876,LEFT_ACCELERATE
16.25654,7.998678,4.559278,6.246665,2.951638,8.288209,0.2791707,-37.26884,20.20674,LEFT_ACCELERATE
16.17241,8.014837,4.53561,6.318429,2.880244,8.78628,0.2791702,-36.74224,20.25543,LEFT_ACCELERATE
15.85121,7.939962,4.641619,6.366278,2.83147,9.252619,0.2791674,-36.23334,20.30178,LEFT_ACCELERATE
15.25562,7.78055,4.966391,6.384497,2.817403,9.746346,0.2791653,-35.69637,20.35076,ACCELERATE
14.5519,7.565312,5.573263,6.378502,2.853937,10.26819,0.2791634,-35.13734,20.40211,LEFT_ACCELERATE
14.07965,7.385746,6.236276,6.339553,2.923117,10.76951,0.2791615,-34.58996,20.45194,LEFT_ACCELERATE
13.85142,7.2573,6.73943,6.273642,3.005232,11.31539,0.2791629,-33.95052,20.50843,LEFT_ACCELERATE
13.92348,7.199367,6.858704,6.21304,3.065829,11.6942,0.2791675,-33.45795,20.55021,LEFT_ACCELERATE
14.30299,7.194296,6.618142,6.147536,3.117649,12.145,0.2791808,-32.7888,20.60448,LEFT_ACCELERATE
14.93645,7.236072,6.29419,6.109186,3.139439,12.51524,0.279187,-32.13853,20.65483,LEFT_ACCELERATE
15.69852,7.272386,6.072316,6.086298,3.151663,12.8416,0.2791843,-31.47481,20.70458,LEFT_ACCELERATE
16.15945,7.260818,6.080117,6.079811,3.160723,13.12052,0.27918,-30.84358,20.75095,LEFT_ACCELERATE
16.88518,7.245061,6.085392,6.063447,3.181786,13.40879,0.2791786,-30.12228,20.80316,LEFT_ACCELERATE
18.45992,7.306162,5.863737,6.0467,3.187779,13.65301,0.2791824,-29.39118,20.85499,LEFT_ACCELERATE
-1,7.441445,5.51582,6.047113,3.169295,13.83998,0.2791925,-28.66401,20.90551,LEFT_ACCELERATE
-1,7.673869,5.080657,6.078814,3.119206,13.9678,0.2792015,-27.92011,20.95632,LEFT_ACCELERATE
-1,7.9217,4.725436,6.135277,3.062342,14.03098,0.2792016,-27.24191,21.00217,LEFT_ACCELERATE
-1,8.351831,4.306025,6.256265,2.946974,14.05127,0.2791949,-26.50613,21.0517,LEFT_ACCELERATE
-1,8.675182,4.037205,6.360218,2.848,14.03413,0.2791881,-25.7354,21.10353,LEFT_ACCELERATE
-1,9.086412,3.782026,6.502744,2.708808,13.99318,0.2791811,-24.9718,21.1549,LEFT_ACCELERATE
-1,9.312825,3.646046,6.595605,2.615159,13.94786,0.2791741,-24.27275,21.20194,LEFT_ACCELERATE
-1,9.426215,3.559926,6.66551,2.533539,13.90239,0.2791681,-23.48881,21.25468,ACCELERATE
-1,9.499094,3.501472,6.728334,2.471693,13.8626,0.2791636,-22.65707,21.31059,LEFT_ACCELERATE
-1,9.689163,3.402644,6.764116,2.436636,13.82846,0.2791613,-22.06787,21.35022,LEFT_ACCELERATE
-1,9.947075,3.275697,6.816663,2.38772,13.75248,0.2791604,-21.01863,21.42086,LEFT_ACCELERATE
-1,10.0712,3.181012,6.879628,2.325687,13.71732,0.2791603,-20.49719,21.45595,ACCELERATE
-1,10.13606,3.120029,6.924318,2.280981,13.67048,0.2791602,-19.73699,21.50708,ACCELERATE
-1,10.18885,3.061776,6.969177,2.235749,13.62998,0.2791613,-19.00092,21.55658,RIGHT_ACCELERATE
-1,10.12015,3.051069,6.996875,2.205416,13.6034,0.2791626,-18.31291,21.60282,RIGHT_ACCELERATE
-1,9.849144,3.125939,7.001578,2.198572,13.60131,0.2791645,-17.53529,21.65507,RIGHT_ACCELERATE
-1,9.50742,3.2723,6.982355,2.224516,13.64131,0.279171,-16.75511,21.70759,RIGHT_ACCELERATE
-1,9.068982,3.54368,6.922401,2.306612,13.71174,0.2791723,-16.03372,21.7563,RIGHT_ACCELERATE
-1,8.809172,3.764239,6.848206,2.397138,13.82728,0.2791649,-15.09759,21.81964,RIGHT_ACCELERATE
-1,8.665068,3.928785,6.754506,2.493614,13.8958,0.2791626,-14.54273,21.85718,LEFT_ACCELERATE
-1,8.616226,4.019027,6.666698,2.57409,13.97134,0.2791603,-13.85883,21.90339,LEFT_ACCELERATE
-1,8.683636,4.015357,6.597882,2.627679,14.0297,0.2791612,-13.12462,21.95287,LEFT_ACCELERATE
-1,8.908782,3.912499,6.551579,2.655832,14.05521,0.2791634,-12.39617,22.00186,LEFT_ACCELERATE
-1,9.161872,3.794543,6.544886,2.65562,14.05306,0.2791646,-11.58978,22.05603,LEFT_ACCELERATE
-1,9.266645,3.74111,6.556084,2.643923,14.04062,0.2791628,-10.80951,22.10843,ACCELERATE
-1,9.287791,3.723298,6.567079,2.632923,14.03136,0.2791615,-10.16002,22.15204,ACCELERATE
-1,9.302445,3.708909,6.577131,2.62287,14.02198,0.2791603,-9.355164,22.20607,ACCELERATE
-1,9.304201,3.702695,6.583614,2.61639,14.01598,0.2791606,-8.650707,22.25337,RIGHT_ACCELERATE
-1,9.19488,3.749541,6.58217,2.618537,14.02096,0.2791613,-7.874993,22.30546,RIGHT_ACCELERATE
-1,8.907526,3.907602,6.559037,2.648831,14.05327,0.2791644,-7.116171,22.35649,RIGHT_ACCELERATE
-1,8.548871,4.161144,6.512955,2.714578,14.11818,0.2791673,-6.403288,22.4046,RIGHT_ACCELERATE
-1,8.281908,4.404816,6.444602,2.801723,14.2014,0.2791679,-5.725039,22.4505,RIGHT_ACCELERATE
-1,8.073575,4.633187,6.348419,2.909144,14.30461,0.2791658,-4.957603,22.50249,ACCELERATE
-1,7.952102,4.788583,6.243513,3.01237,14.40656,0.2791612,-4.171765,22.5557,LEFT_ACCELERATE
-1,7.938654,4.832449,6.15644,3.086543,14.48381,0.2791602,-3.457954,22.60392,LEFT_ACCELERATE
-1,8.08641,4.739099,6.078749,3.139603,14.5362,0.2791637,-2.677647,22.65648,LEFT_ACCELERATE
-1,8.33759,4.576286,6.054985,3.148424,14.54509,0.2791707,-2.007632,22.70153,LEFT_ACCELERATE
-1,8.752481,4.338559,6.079288,3.122178,14.51547,0.2791704,-1.244059,22.7529,LEFT_ACCELERATE
-1,9.05813,4.172472,6.132323,3.076018,14.46391,0.279168,-0.5208355,22.80161,LEFT_ACCELERATE
-1,9.276858,4.036523,6.204757,3.008706,14.39587,0.2791654,0.3037966,22.85716,ACCELERATE
-1,9.35885,3.966077,6.256028,2.957712,14.34479,0.2791632,0.953258,22.90091,ACCELERATE
-1,9.449768,3.884517,6.316883,2.896856,14.28538,0.2791615,1.756059,22.95495,ACCELERATE
-1,9.528147,3.813716,6.36988,2.843814,14.23472,0.2791606,2.477693,23.00352,ACCELERATE
-1,9.56988,3.775988,6.398122,2.815546,14.18665,0.2791606,3.192698,23.05163,ACCELERATE
-1,9.669247,3.686229,6.465267,2.748347,14.13905,0.2791605,3.92605,23.10097,ACCELERATE
-1,9.738029,3.624175,6.511648,2.701937,14.09265,0.2791601,4.664137,23.15062,ACCELERATE
-1,9.812968,3.556646,6.56209,2.65147,14.04272,0.2791598,5.479543,23.20547,ACCELERATE
-1,9.873493,3.502151,6.602776,2.610769,14.00127,0.2791599,6.171537,23.25201,ACCELERATE
-1,9.94348,3.439181,6.649769,2.563762,13.95466,0.2791596,6.963598,23.30527,ACCELERATE
-1,10.00076,3.387676,6.688196,2.525326,13.91325,0.27916,7.677859,23.35331,ACCELERATE
-1,10.06519,3.329772,6.731385,2.482129,13.873,0.2791606,8.379869,23.40051,ACCELERATE
-1,10.13007,3.271498,6.774845,2.438665,13.82958,0.2791597,9.145232,23.45198,ACCELERATE
-1,10.19364,3.214405,6.817415,2.396091,13.78663,0.2791603,9.9085,23.50365,NONE
-1,10.25902,3.155718,6.86117,2.352333,13.73982,0.2791677,10.74619,23.56232,NONE
-1,10.30863,3.111199,6.894357,2.319145,13.71058,0.2791712,11.27218,23.6003,NONE
-1,10.36726,3.058598,6.933568,2.279934,13.66987,0.2791729,12.00758,23.65506,NONE
-1,10.41905,3.01213,6.968204,2.245298,13.63692,0.2791747,12.60518,23.70101,NONE
-1,10.46905,2.967271,7.001639,2.211863,13.6011,0.2791771,13.25713,23.75284,NONE
-1,10.52583,2.916355,7.039589,2.173914,13.56333,0.2791787,13.94647,23.80968,NONE
-1,10.57191,2.875025,7.070394,2.143111,13.53256,0.27918,14.50936,23.85778,NONE
-1,10.61796,2.833738,7.101164,2.112342,13.50541,0.2791816,15.00687,23.90172,NONE
-1,10.66044,2.795653,7.129549,2.083959,13.47199,0.2791827,15.62022,23.95788,NONE
-1,10.70778,2.753198,7.161191,2.052319,13.44548,0.2791839,16.10733,24.00421,NONE
-1,10.74287,2.721755,7.184627,2.028885,13.41943,0.279185,16.58638,24.05139,NONE
-1,10.7891,2.680307,7.215517,1.997996,13.39151,0.2791865,17.1002,24.10394,NONE
-1,10.82572,2.647492,7.239973,1.973541,13.36757,0.2791879,17.54102,24.15084,NONE
-1,10.86426,2.612935,7.265728,1.947788,13.34198,0.2791891,18.0125,24.203,NONE
-1,10.902,2.579101,7.290945,1.922573,13.31497,0.2791908,18.51015,24.26061,NONE
-1,10.93312,2.551227,7.311722,1.901798,13.29658,0.2791917,18.84916,24.30155,NONE
